INDEX(TIME_IN_HOURS),RESULT
1,ATTACK
2,ATTACK
3,ATTACK
4,ATTACK
5,ATTACK
6,ATTACK
7,ATTACK
8,ATTACK
9,ATTACK
10,ATTACK
11,ATTACK
12,ATTACK
13,ATTACK
14,ATTACK
15,ATTACK
16,ATTACK
17,ATTACK
18,ATTACK
19,ATTACK
20,ATTACK
21,ATTACK
22,ATTACK
23,ATTACK
24,ATTACK
25,ATTACK
26,ATTACK
27,ATTACK
28,ATTACK
29,ATTACK
30,ATTACK
31,ATTACK
32,ATTACK
33,ATTACK
34,ATTACK
35,ATTACK
36,ATTACK
37,ATTACK
38,ATTACK
39,ATTACK
40,ATTACK
41,ATTACK
42,ATTACK
43,ATTACK
44,ATTACK
45,ATTACK
46,ATTACK
47,ATTACK
48,ATTACK
49,ATTACK
50,ATTACK
51,ATTACK
52,ATTACK
53,ATTACK
54,ATTACK
55,ATTACK
56,ATTACK
57,ATTACK
58,ATTACK
59,ATTACK
60,ATTACK
61,ATTACK
62,ATTACK
63,ATTACK
64,ATTACK
65,ATTACK
66,ATTACK
67,ATTACK
68,ATTACK
69,ATTACK
70,ATTACK
71,ATTACK
72,ATTACK
73,ATTACK
74,ATTACK
75,ATTACK
76,ATTACK
77,ATTACK
78,ATTACK
79,ATTACK
80,ATTACK
81,ATTACK
82,ATTACK
83,ATTACK
84,ATTACK
85,ATTACK
86,ATTACK
87,ATTACK
88,ATTACK
89,ATTACK
90,ATTACK
91,ATTACK
92,ATTACK
93,ATTACK
94,ATTACK
95,ATTACK
96,ATTACK
97,ATTACK
98,ATTACK
99,ATTACK
100,ATTACK
101,ATTACK
102,ATTACK
103,ATTACK
104,ATTACK
105,ATTACK
106,ATTACK
107,ATTACK
108,ATTACK
109,ATTACK
110,ATTACK
111,ATTACK
112,ATTACK
113,ATTACK
114,ATTACK
115,ATTACK
116,ATTACK
117,ATTACK
118,ATTACK
119,ATTACK
120,ATTACK
121,ATTACK
122,ATTACK
123,ATTACK
124,ATTACK
125,ATTACK
126,ATTACK
127,ATTACK
128,ATTACK
129,ATTACK
130,ATTACK
131,ATTACK
132,ATTACK
133,ATTACK
134,ATTACK
135,ATTACK
136,ATTACK
137,ATTACK
138,ATTACK
139,ATTACK
140,ATTACK
141,ATTACK
142,ATTACK
143,ATTACK
144,ATTACK
145,ATTACK
146,ATTACK
147,ATTACK
148,ATTACK
149,ATTACK
150,ATTACK
151,ATTACK
152,ATTACK
153,ATTACK
154,ATTACK
155,ATTACK
156,ATTACK
157,ATTACK
158,ATTACK
159,ATTACK
160,ATTACK
161,ATTACK
162,ATTACK
163,ATTACK
164,ATTACK
165,ATTACK
166,ATTACK
167,ATTACK
168,ATTACK
169,ATTACK
170,ATTACK
171,ATTACK
172,ATTACK
173,ATTACK
174,ATTACK
175,ATTACK
176,ATTACK
177,ATTACK
178,ATTACK
179,ATTACK
180,ATTACK
181,ATTACK
182,ATTACK
183,ATTACK
184,ATTACK
185,ATTACK
186,ATTACK
187,ATTACK
188,ATTACK
189,ATTACK
190,ATTACK
191,ATTACK
192,ATTACK
193,ATTACK
194,ATTACK
195,ATTACK
196,ATTACK
197,ATTACK
198,ATTACK
199,ATTACK
200,ATTACK
201,ATTACK
202,ATTACK
203,ATTACK
204,ATTACK
205,ATTACK
206,ATTACK
207,ATTACK
208,ATTACK
209,ATTACK
210,ATTACK
211,ATTACK
212,ATTACK
213,ATTACK
214,ATTACK
215,ATTACK
216,ATTACK
217,ATTACK
218,ATTACK
219,ATTACK
220,ATTACK
221,ATTACK
222,ATTACK
223,ATTACK
224,ATTACK
225,ATTACK
226,ATTACK
227,ATTACK
228,ATTACK
229,ATTACK
230,ATTACK
231,ATTACK
232,ATTACK
233,ATTACK
234,ATTACK
235,ATTACK
236,ATTACK
237,ATTACK
238,ATTACK
239,ATTACK
240,ATTACK
241,ATTACK
242,ATTACK
243,ATTACK
244,ATTACK
245,ATTACK
246,ATTACK
247,ATTACK
248,ATTACK
249,ATTACK
250,ATTACK
251,ATTACK
252,ATTACK
253,ATTACK
254,ATTACK
255,ATTACK
256,ATTACK
257,ATTACK
258,ATTACK
259,ATTACK
260,ATTACK
261,ATTACK
262,ATTACK
263,ATTACK
264,ATTACK
265,ATTACK
266,ATTACK
267,ATTACK
268,ATTACK
269,ATTACK
270,ATTACK
271,ATTACK
272,ATTACK
273,ATTACK
274,ATTACK
275,ATTACK
276,ATTACK
277,ATTACK
278,ATTACK
279,ATTACK
280,ATTACK
281,ATTACK
282,ATTACK
283,ATTACK
284,ATTACK
285,ATTACK
286,ATTACK
287,ATTACK
288,ATTACK
289,ATTACK
290,ATTACK
291,ATTACK
292,ATTACK
293,ATTACK
294,ATTACK
295,ATTACK
296,ATTACK
297,ATTACK
298,ATTACK
299,ATTACK
300,ATTACK
301,ATTACK
302,ATTACK
303,ATTACK
304,ATTACK
305,ATTACK
306,ATTACK
307,ATTACK
308,ATTACK
309,ATTACK
310,ATTACK
311,ATTACK
312,ATTACK
313,ATTACK
314,ATTACK
315,ATTACK
316,ATTACK
317,ATTACK
318,ATTACK
319,ATTACK
320,ATTACK
321,ATTACK
322,ATTACK
323,ATTACK
324,ATTACK
325,ATTACK
326,ATTACK
327,ATTACK
328,ATTACK
329,ATTACK
330,ATTACK
331,ATTACK
332,ATTACK
333,ATTACK
334,ATTACK
335,ATTACK
336,ATTACK
337,ATTACK
338,ATTACK
339,ATTACK
340,ATTACK
341,ATTACK
342,ATTACK
343,ATTACK
344,ATTACK
345,ATTACK
346,ATTACK
347,ATTACK
348,ATTACK
349,ATTACK
350,ATTACK
351,ATTACK
352,ATTACK
353,ATTACK
354,ATTACK
355,ATTACK
356,ATTACK
357,ATTACK
358,ATTACK
359,ATTACK
360,ATTACK
361,ATTACK
362,ATTACK
363,ATTACK
364,ATTACK
365,ATTACK
366,ATTACK
367,ATTACK
368,ATTACK
369,ATTACK
370,ATTACK
371,ATTACK
372,ATTACK
373,ATTACK
374,ATTACK
375,ATTACK
376,ATTACK
377,ATTACK
378,ATTACK
379,ATTACK
380,ATTACK
381,ATTACK
382,ATTACK
383,ATTACK
384,ATTACK
385,ATTACK
386,ATTACK
387,ATTACK
388,ATTACK
389,ATTACK
390,ATTACK
391,ATTACK
392,ATTACK
393,ATTACK
394,ATTACK
395,ATTACK
396,ATTACK
397,ATTACK
398,ATTACK
399,ATTACK
400,ATTACK
401,ATTACK
402,ATTACK
403,ATTACK
404,ATTACK
405,ATTACK
406,ATTACK
407,ATTACK
408,ATTACK
409,ATTACK
410,ATTACK
411,ATTACK
412,ATTACK
413,ATTACK
414,ATTACK
415,ATTACK
416,ATTACK
417,ATTACK
418,ATTACK
419,ATTACK
420,ATTACK
421,ATTACK
422,ATTACK
423,ATTACK
424,ATTACK
425,ATTACK
426,ATTACK
427,ATTACK
428,ATTACK
429,ATTACK
430,ATTACK
431,ATTACK
432,ATTACK
433,ATTACK
434,ATTACK
435,ATTACK
436,ATTACK
437,ATTACK
438,ATTACK
439,ATTACK
440,ATTACK
441,ATTACK
442,ATTACK
443,ATTACK
444,ATTACK
445,ATTACK
446,ATTACK
447,ATTACK
448,ATTACK
449,ATTACK
450,ATTACK
451,ATTACK
452,ATTACK
453,ATTACK
454,ATTACK
455,ATTACK
456,ATTACK
457,ATTACK
458,ATTACK
459,ATTACK
460,ATTACK
461,ATTACK
462,ATTACK
463,ATTACK
464,ATTACK
465,ATTACK
466,ATTACK
467,ATTACK
468,ATTACK
469,ATTACK
470,ATTACK
471,ATTACK
472,ATTACK
473,ATTACK
474,ATTACK
475,ATTACK
476,ATTACK
477,ATTACK
478,ATTACK
479,ATTACK
480,ATTACK
481,ATTACK
482,ATTACK
483,ATTACK
484,ATTACK
485,ATTACK
486,ATTACK
487,ATTACK
488,ATTACK
489,ATTACK
490,ATTACK
491,ATTACK
492,ATTACK
493,ATTACK
494,ATTACK
495,ATTACK
496,ATTACK
497,ATTACK
498,ATTACK
499,ATTACK
500,ATTACK
501,ATTACK
502,ATTACK
503,ATTACK
504,ATTACK
505,ATTACK
506,ATTACK
507,ATTACK
508,ATTACK
509,ATTACK
510,ATTACK
511,ATTACK
512,ATTACK
513,ATTACK
514,ATTACK
515,ATTACK
516,ATTACK
517,ATTACK
518,ATTACK
519,ATTACK
520,ATTACK
521,ATTACK
522,ATTACK
523,ATTACK
524,ATTACK
525,ATTACK
526,ATTACK
527,ATTACK
528,ATTACK
529,ATTACK
530,ATTACK
531,ATTACK
532,ATTACK
533,ATTACK
534,ATTACK
535,ATTACK
536,ATTACK
537,ATTACK
538,ATTACK
539,ATTACK
540,ATTACK
541,ATTACK
542,ATTACK
543,ATTACK
544,ATTACK
545,ATTACK
546,ATTACK
547,ATTACK
548,ATTACK
549,ATTACK
550,ATTACK
551,ATTACK
552,ATTACK
553,ATTACK
554,ATTACK
555,ATTACK
556,ATTACK
557,ATTACK
558,ATTACK
559,ATTACK
560,ATTACK
561,ATTACK
562,ATTACK
563,ATTACK
564,ATTACK
565,ATTACK
566,ATTACK
567,ATTACK
568,ATTACK
569,ATTACK
570,ATTACK
571,ATTACK
572,ATTACK
573,ATTACK
574,ATTACK
575,ATTACK
576,ATTACK
577,ATTACK
578,ATTACK
579,ATTACK
580,ATTACK
581,ATTACK
582,ATTACK
583,ATTACK
584,ATTACK
585,ATTACK
586,ATTACK
587,ATTACK
588,ATTACK
589,ATTACK
590,ATTACK
591,ATTACK
592,ATTACK
593,ATTACK
594,ATTACK
595,ATTACK
596,ATTACK
597,ATTACK
598,ATTACK
599,ATTACK
600,ATTACK
601,ATTACK
602,ATTACK
603,ATTACK
604,ATTACK
605,ATTACK
606,ATTACK
607,ATTACK
608,ATTACK
609,ATTACK
610,ATTACK
611,ATTACK
612,ATTACK
613,ATTACK
614,ATTACK
615,ATTACK
616,ATTACK
617,ATTACK
618,ATTACK
619,ATTACK
620,ATTACK
621,ATTACK
622,ATTACK
623,ATTACK
624,ATTACK
625,ATTACK
626,ATTACK
627,ATTACK
628,ATTACK
629,ATTACK
630,ATTACK
631,ATTACK
632,ATTACK
633,ATTACK
634,ATTACK
635,ATTACK
636,ATTACK
637,ATTACK
638,ATTACK
639,ATTACK
640,ATTACK
641,ATTACK
642,ATTACK
643,ATTACK
644,ATTACK
645,ATTACK
646,ATTACK
647,ATTACK
648,ATTACK
649,ATTACK
650,ATTACK
651,ATTACK
652,ATTACK
653,ATTACK
654,ATTACK
655,ATTACK
656,ATTACK
657,ATTACK
658,ATTACK
659,ATTACK
660,ATTACK
661,ATTACK
662,ATTACK
663,ATTACK
664,ATTACK
665,ATTACK
666,ATTACK
667,ATTACK
668,ATTACK
669,ATTACK
670,ATTACK
671,ATTACK
672,ATTACK
673,ATTACK
674,ATTACK
675,ATTACK
676,ATTACK
677,ATTACK
678,ATTACK
679,ATTACK
680,ATTACK
681,ATTACK
682,ATTACK
683,ATTACK
684,ATTACK
685,ATTACK
686,ATTACK
687,ATTACK
688,ATTACK
689,ATTACK
690,ATTACK
691,ATTACK
692,ATTACK
693,ATTACK
694,ATTACK
695,ATTACK
696,ATTACK
697,ATTACK
698,ATTACK
699,ATTACK
700,ATTACK
701,ATTACK
702,ATTACK
703,ATTACK
704,ATTACK
705,ATTACK
706,ATTACK
707,ATTACK
708,ATTACK
709,ATTACK
710,ATTACK
711,ATTACK
712,ATTACK
713,ATTACK
714,ATTACK
715,ATTACK
716,ATTACK
717,ATTACK
718,ATTACK
719,ATTACK
720,ATTACK
721,ATTACK
722,ATTACK
723,ATTACK
724,ATTACK
725,ATTACK
726,ATTACK
727,ATTACK
728,ATTACK
729,ATTACK
730,ATTACK
731,ATTACK
732,ATTACK
733,ATTACK
734,ATTACK
735,ATTACK
736,ATTACK
737,ATTACK
738,ATTACK
739,ATTACK
740,ATTACK
741,ATTACK
742,ATTACK
743,ATTACK
744,ATTACK
745,ATTACK
746,ATTACK
747,ATTACK
748,ATTACK
749,ATTACK
750,ATTACK
751,ATTACK
752,ATTACK
753,ATTACK
754,ATTACK
755,ATTACK
756,ATTACK
757,ATTACK
758,ATTACK
759,ATTACK
760,ATTACK
761,ATTACK
762,ATTACK
763,ATTACK
764,ATTACK
765,ATTACK
766,ATTACK
767,ATTACK
768,ATTACK
769,ATTACK
770,ATTACK
771,ATTACK
772,ATTACK
773,ATTACK
774,ATTACK
775,ATTACK
776,ATTACK
777,ATTACK
778,ATTACK
779,ATTACK
780,ATTACK
781,ATTACK
782,ATTACK
783,ATTACK
784,ATTACK
785,ATTACK
786,ATTACK
787,ATTACK
788,ATTACK
789,ATTACK
790,ATTACK
791,ATTACK
792,ATTACK
793,ATTACK
794,ATTACK
795,ATTACK
796,ATTACK
797,ATTACK
798,ATTACK
799,ATTACK
800,ATTACK
801,ATTACK
802,ATTACK
803,ATTACK
804,ATTACK
805,ATTACK
806,ATTACK
807,ATTACK
808,ATTACK
809,ATTACK
810,ATTACK
811,ATTACK
812,ATTACK
813,ATTACK
814,ATTACK
815,ATTACK
816,ATTACK
817,ATTACK
818,ATTACK
819,ATTACK
820,ATTACK
821,ATTACK
822,ATTACK
823,ATTACK
824,ATTACK
825,ATTACK
826,ATTACK
827,ATTACK
828,ATTACK
829,ATTACK
830,ATTACK
831,ATTACK
832,ATTACK
833,ATTACK
834,ATTACK
835,ATTACK
836,ATTACK
837,ATTACK
838,ATTACK
839,ATTACK
840,ATTACK
841,ATTACK
842,ATTACK
843,ATTACK
844,ATTACK
845,ATTACK
846,ATTACK
847,ATTACK
848,ATTACK
849,ATTACK
850,ATTACK
851,ATTACK
852,ATTACK
853,ATTACK
854,ATTACK
855,ATTACK
856,ATTACK
857,ATTACK
858,ATTACK
859,ATTACK
860,ATTACK
861,ATTACK
862,ATTACK
863,ATTACK
864,ATTACK
865,ATTACK
866,ATTACK
867,ATTACK
868,ATTACK
869,ATTACK
870,ATTACK
871,ATTACK
872,ATTACK
873,ATTACK
874,ATTACK
875,ATTACK
876,ATTACK
877,ATTACK
878,ATTACK
879,ATTACK
880,ATTACK
881,ATTACK
882,ATTACK
883,ATTACK
884,ATTACK
885,ATTACK
886,ATTACK
887,ATTACK
888,ATTACK
889,ATTACK
890,ATTACK
891,ATTACK
892,ATTACK
893,ATTACK
894,ATTACK
895,ATTACK
896,ATTACK
897,ATTACK
898,ATTACK
899,ATTACK
900,ATTACK
901,ATTACK
902,ATTACK
903,ATTACK
904,ATTACK
905,ATTACK
906,ATTACK
907,ATTACK
908,ATTACK
909,ATTACK
910,ATTACK
911,ATTACK
912,ATTACK
913,ATTACK
914,ATTACK
915,ATTACK
916,ATTACK
917,ATTACK
918,ATTACK
919,ATTACK
920,ATTACK
921,ATTACK
922,ATTACK
923,ATTACK
924,ATTACK
925,ATTACK
926,ATTACK
927,ATTACK
928,ATTACK
929,ATTACK
930,ATTACK
931,ATTACK
932,ATTACK
933,ATTACK
934,ATTACK
935,ATTACK
936,ATTACK
937,ATTACK
938,ATTACK
939,ATTACK
940,ATTACK
941,ATTACK
942,ATTACK
943,ATTACK
944,ATTACK
945,ATTACK
946,ATTACK
947,ATTACK
948,ATTACK
949,ATTACK
950,ATTACK
951,ATTACK
952,ATTACK
953,ATTACK
954,ATTACK
955,ATTACK
956,ATTACK
957,ATTACK
958,ATTACK
959,ATTACK
960,ATTACK
961,ATTACK
962,ATTACK
963,ATTACK
964,ATTACK
965,ATTACK
966,ATTACK
967,ATTACK
968,ATTACK
969,ATTACK
970,ATTACK
971,ATTACK
972,ATTACK
973,ATTACK
974,ATTACK
975,ATTACK
976,ATTACK
977,ATTACK
978,ATTACK
979,ATTACK
980,ATTACK
981,ATTACK
982,ATTACK
983,ATTACK
984,ATTACK
985,ATTACK
986,ATTACK
987,ATTACK
988,ATTACK
989,ATTACK
990,ATTACK
991,ATTACK
992,ATTACK
993,ATTACK
994,ATTACK
995,ATTACK
996,ATTACK
997,ATTACK
998,ATTACK
999,ATTACK
1000,ATTACK
1001,ATTACK
1002,ATTACK
1003,ATTACK
1004,ATTACK
1005,ATTACK
1006,ATTACK
1007,ATTACK
1008,ATTACK
1009,ATTACK
1010,ATTACK
1011,ATTACK
1012,ATTACK
1013,ATTACK
1014,ATTACK
1015,ATTACK
1016,ATTACK
1017,ATTACK
1018,ATTACK
1019,ATTACK
1020,ATTACK
1021,ATTACK
1022,ATTACK
1023,ATTACK
1024,ATTACK
1025,ATTACK
1026,ATTACK
1027,ATTACK
1028,ATTACK
1029,ATTACK
1030,ATTACK
1031,ATTACK
1032,ATTACK
1033,ATTACK
1034,ATTACK
1035,ATTACK
1036,ATTACK
1037,ATTACK
1038,ATTACK
1039,ATTACK
1040,ATTACK
1041,ATTACK
1042,ATTACK
1043,ATTACK
1044,ATTACK
1045,ATTACK
1046,ATTACK
1047,ATTACK
1048,ATTACK
1049,ATTACK
1050,ATTACK
1051,ATTACK
1052,ATTACK
1053,ATTACK
1054,ATTACK
1055,ATTACK
1056,ATTACK
1057,ATTACK
1058,ATTACK
1059,ATTACK
1060,ATTACK
1061,ATTACK
1062,ATTACK
1063,ATTACK
1064,ATTACK
1065,ATTACK
1066,ATTACK
1067,ATTACK
1068,ATTACK
1069,ATTACK
1070,ATTACK
1071,ATTACK
1072,ATTACK
1073,ATTACK
1074,ATTACK
1075,ATTACK
1076,ATTACK
1077,ATTACK
1078,ATTACK
1079,ATTACK
1080,ATTACK
1081,ATTACK
1082,ATTACK
1083,ATTACK
1084,ATTACK
1085,ATTACK
1086,ATTACK
1087,ATTACK
1088,ATTACK
1089,ATTACK
1090,ATTACK
1091,ATTACK
1092,ATTACK
1093,ATTACK
1094,ATTACK
1095,ATTACK
1096,ATTACK
1097,ATTACK
1098,ATTACK
1099,ATTACK
1100,ATTACK
1101,ATTACK
1102,ATTACK
1103,ATTACK
1104,ATTACK
1105,ATTACK
1106,ATTACK
1107,ATTACK
1108,ATTACK
1109,ATTACK
1110,ATTACK
1111,ATTACK
1112,ATTACK
1113,ATTACK
1114,ATTACK
1115,ATTACK
1116,ATTACK
1117,ATTACK
1118,ATTACK
1119,ATTACK
1120,ATTACK
1121,ATTACK
1122,ATTACK
1123,ATTACK
1124,ATTACK
1125,ATTACK
1126,ATTACK
1127,ATTACK
1128,ATTACK
1129,ATTACK
1130,ATTACK
1131,ATTACK
1132,ATTACK
1133,ATTACK
1134,ATTACK
1135,ATTACK
1136,ATTACK
1137,ATTACK
1138,ATTACK
1139,ATTACK
1140,ATTACK
1141,ATTACK
1142,ATTACK
1143,ATTACK
1144,ATTACK
1145,ATTACK
1146,ATTACK
1147,ATTACK
1148,ATTACK
1149,ATTACK
1150,ATTACK
1151,ATTACK
1152,ATTACK
1153,ATTACK
1154,ATTACK
1155,ATTACK
1156,ATTACK
1157,ATTACK
1158,ATTACK
1159,ATTACK
1160,ATTACK
1161,ATTACK
1162,ATTACK
1163,ATTACK
1164,ATTACK
1165,ATTACK
1166,ATTACK
1167,ATTACK
1168,ATTACK
1169,ATTACK
1170,ATTACK
1171,ATTACK
1172,ATTACK
1173,ATTACK
1174,ATTACK
1175,ATTACK
1176,ATTACK
1177,ATTACK
1178,ATTACK
1179,ATTACK
1180,ATTACK
1181,ATTACK
1182,ATTACK
1183,ATTACK
1184,ATTACK
1185,ATTACK
1186,ATTACK
1187,ATTACK
1188,ATTACK
1189,ATTACK
1190,ATTACK
1191,ATTACK
1192,ATTACK
1193,ATTACK
1194,ATTACK
1195,ATTACK
1196,ATTACK
1197,ATTACK
1198,ATTACK
1199,ATTACK
1200,ATTACK
1201,ATTACK
1202,ATTACK
1203,ATTACK
1204,ATTACK
1205,ATTACK
1206,ATTACK
1207,ATTACK
1208,ATTACK
1209,ATTACK
1210,ATTACK
1211,ATTACK
1212,ATTACK
1213,ATTACK
1214,ATTACK
1215,ATTACK
1216,ATTACK
1217,ATTACK
1218,ATTACK
1219,ATTACK
1220,ATTACK
1221,ATTACK
1222,ATTACK
1223,ATTACK
1224,ATTACK
1225,ATTACK
1226,ATTACK
1227,ATTACK
1228,ATTACK
1229,ATTACK
1230,ATTACK
1231,ATTACK
1232,ATTACK
1233,ATTACK
1234,ATTACK
1235,ATTACK
1236,ATTACK
1237,ATTACK
1238,ATTACK
1239,ATTACK
1240,ATTACK
1241,ATTACK
1242,ATTACK
1243,ATTACK
1244,ATTACK
1245,ATTACK
1246,ATTACK
1247,ATTACK
1248,ATTACK
1249,ATTACK
1250,ATTACK
1251,ATTACK
1252,ATTACK
1253,ATTACK
1254,ATTACK
1255,ATTACK
1256,ATTACK
1257,ATTACK
1258,ATTACK
1259,ATTACK
1260,ATTACK
1261,ATTACK
1262,ATTACK
1263,ATTACK
1264,ATTACK
1265,ATTACK
1266,ATTACK
1267,ATTACK
1268,ATTACK
1269,ATTACK
1270,ATTACK
1271,ATTACK
1272,ATTACK
1273,ATTACK
1274,ATTACK
1275,ATTACK
1276,ATTACK
1277,ATTACK
1278,ATTACK
1279,ATTACK
1280,ATTACK
1281,ATTACK
1282,ATTACK
1283,ATTACK
1284,ATTACK
1285,ATTACK
1286,ATTACK
1287,ATTACK
1288,ATTACK
1289,ATTACK
1290,ATTACK
1291,ATTACK
1292,ATTACK
1293,ATTACK
1294,ATTACK
1295,ATTACK
1296,ATTACK
1297,ATTACK
1298,ATTACK
1299,ATTACK
1300,ATTACK
1301,ATTACK
1302,ATTACK
1303,ATTACK
1304,ATTACK
1305,ATTACK
1306,ATTACK
1307,ATTACK
1308,ATTACK
1309,ATTACK
1310,ATTACK
1311,ATTACK
1312,ATTACK
1313,ATTACK
1314,ATTACK
1315,ATTACK
1316,ATTACK
1317,ATTACK
1318,ATTACK
1319,ATTACK
1320,ATTACK
1321,ATTACK
1322,ATTACK
1323,ATTACK
1324,ATTACK
1325,ATTACK
1326,ATTACK
1327,ATTACK
1328,ATTACK
1329,ATTACK
1330,ATTACK
1331,ATTACK
1332,ATTACK
1333,ATTACK
1334,ATTACK
1335,ATTACK
1336,ATTACK
1337,ATTACK
1338,ATTACK
1339,ATTACK
1340,ATTACK
1341,ATTACK
1342,ATTACK
1343,ATTACK
1344,ATTACK
1345,ATTACK
1346,ATTACK
1347,ATTACK
1348,ATTACK
1349,ATTACK
1350,ATTACK
1351,ATTACK
1352,ATTACK
1353,ATTACK
1354,ATTACK
1355,ATTACK
1356,ATTACK
1357,ATTACK
1358,ATTACK
1359,ATTACK
1360,ATTACK
1361,ATTACK
1362,ATTACK
1363,ATTACK
1364,ATTACK
1365,ATTACK
1366,ATTACK
1367,ATTACK
1368,ATTACK
1369,ATTACK
1370,ATTACK
1371,ATTACK
1372,ATTACK
1373,ATTACK
1374,ATTACK
1375,ATTACK
1376,ATTACK
1377,ATTACK
1378,ATTACK
1379,ATTACK
1380,ATTACK
1381,ATTACK
1382,ATTACK
1383,ATTACK
1384,ATTACK
1385,ATTACK
1386,ATTACK
1387,ATTACK
1388,ATTACK
1389,ATTACK
1390,ATTACK
1391,ATTACK
1392,ATTACK
1393,ATTACK
1394,ATTACK
1395,ATTACK
1396,ATTACK
1397,ATTACK
1398,ATTACK
1399,ATTACK
1400,ATTACK
1401,ATTACK
1402,ATTACK
1403,ATTACK
1404,ATTACK
1405,ATTACK
1406,ATTACK
1407,ATTACK
1408,ATTACK
1409,ATTACK
1410,ATTACK
1411,ATTACK
1412,ATTACK
1413,ATTACK
1414,ATTACK
1415,ATTACK
1416,ATTACK
1417,ATTACK
1418,ATTACK
1419,ATTACK
1420,ATTACK
1421,ATTACK
1422,ATTACK
1423,ATTACK
1424,ATTACK
1425,ATTACK
1426,ATTACK
1427,ATTACK
1428,ATTACK
1429,ATTACK
1430,ATTACK
1431,ATTACK
1432,ATTACK
1433,ATTACK
1434,ATTACK
1435,ATTACK
1436,ATTACK
1437,ATTACK
1438,ATTACK
1439,ATTACK
1440,ATTACK
1441,ATTACK
1442,ATTACK
1443,ATTACK
1444,ATTACK
1445,ATTACK
1446,ATTACK
1447,ATTACK
1448,ATTACK
1449,ATTACK
1450,ATTACK
1451,ATTACK
1452,ATTACK
1453,ATTACK
1454,ATTACK
1455,ATTACK
1456,ATTACK
1457,ATTACK
1458,ATTACK
1459,ATTACK
1460,ATTACK
1461,ATTACK
1462,ATTACK
1463,ATTACK
1464,ATTACK
1465,ATTACK
1466,ATTACK
1467,ATTACK
1468,ATTACK
1469,ATTACK
1470,ATTACK
1471,ATTACK
1472,ATTACK
1473,ATTACK
1474,ATTACK
1475,ATTACK
1476,ATTACK
1477,ATTACK
1478,ATTACK
1479,ATTACK
1480,ATTACK
1481,ATTACK
1482,ATTACK
1483,ATTACK
1484,ATTACK
1485,ATTACK
1486,ATTACK
1487,ATTACK
1488,ATTACK
1489,ATTACK
1490,ATTACK
1491,ATTACK
1492,ATTACK
1493,ATTACK
1494,ATTACK
1495,ATTACK
1496,ATTACK
1497,ATTACK
1498,ATTACK
1499,ATTACK
1500,ATTACK
1501,ATTACK
1502,ATTACK
1503,ATTACK
1504,ATTACK
1505,ATTACK
1506,ATTACK
1507,ATTACK
1508,ATTACK
1509,ATTACK
1510,ATTACK
1511,ATTACK
1512,ATTACK
1513,ATTACK
1514,ATTACK
1515,ATTACK
1516,ATTACK
1517,ATTACK
1518,ATTACK
1519,ATTACK
1520,ATTACK
1521,ATTACK
1522,ATTACK
1523,ATTACK
1524,ATTACK
1525,ATTACK
1526,ATTACK
1527,ATTACK
1528,ATTACK
1529,ATTACK
1530,ATTACK
1531,ATTACK
1532,ATTACK
1533,ATTACK
1534,ATTACK
1535,ATTACK
1536,ATTACK
1537,ATTACK
1538,ATTACK
1539,ATTACK
1540,ATTACK
1541,ATTACK
1542,ATTACK
1543,ATTACK
1544,ATTACK
1545,ATTACK
1546,ATTACK
1547,ATTACK
1548,ATTACK
1549,ATTACK
1550,ATTACK
1551,ATTACK
1552,ATTACK
1553,ATTACK
1554,ATTACK
1555,ATTACK
1556,ATTACK
1557,ATTACK
1558,ATTACK
1559,ATTACK
1560,ATTACK
1561,ATTACK
1562,ATTACK
1563,ATTACK
1564,ATTACK
1565,ATTACK
1566,ATTACK
1567,ATTACK
1568,ATTACK
1569,ATTACK
1570,ATTACK
1571,ATTACK
1572,ATTACK
1573,ATTACK
1574,ATTACK
1575,ATTACK
1576,ATTACK
1577,ATTACK
1578,ATTACK
1579,ATTACK
1580,ATTACK
1581,ATTACK
1582,ATTACK
1583,ATTACK
1584,ATTACK
1585,ATTACK
1586,ATTACK
1587,ATTACK
1588,ATTACK
1589,ATTACK
1590,ATTACK
1591,ATTACK
1592,ATTACK
1593,ATTACK
1594,ATTACK
1595,ATTACK
1596,ATTACK
1597,ATTACK
1598,ATTACK
1599,ATTACK
1600,ATTACK
1601,ATTACK
1602,ATTACK
1603,ATTACK
1604,ATTACK
1605,ATTACK
1606,ATTACK
1607,ATTACK
1608,ATTACK
1609,ATTACK
1610,ATTACK
1611,ATTACK
1612,ATTACK
1613,ATTACK
1614,ATTACK
1615,ATTACK
1616,ATTACK
1617,ATTACK
1618,ATTACK
1619,ATTACK
1620,ATTACK
1621,ATTACK
1622,ATTACK
1623,ATTACK
1624,ATTACK
1625,ATTACK
1626,ATTACK
1627,ATTACK
1628,ATTACK
1629,ATTACK
1630,ATTACK
1631,ATTACK
1632,ATTACK
1633,ATTACK
1634,ATTACK
1635,ATTACK
1636,ATTACK
1637,ATTACK
1638,ATTACK
1639,ATTACK
1640,ATTACK
1641,ATTACK
1642,ATTACK
1643,ATTACK
1644,ATTACK
1645,ATTACK
1646,ATTACK
1647,ATTACK
1648,ATTACK
1649,ATTACK
1650,ATTACK
1651,ATTACK
1652,ATTACK
1653,ATTACK
1654,ATTACK
1655,ATTACK
1656,ATTACK
1657,ATTACK
1658,ATTACK
1659,ATTACK
1660,ATTACK
1661,ATTACK
1662,ATTACK
1663,ATTACK
1664,ATTACK
1665,ATTACK
1666,ATTACK
1667,ATTACK
1668,ATTACK
1669,ATTACK
1670,ATTACK
1671,ATTACK
1672,ATTACK
1673,ATTACK
1674,ATTACK
1675,ATTACK
1676,ATTACK
1677,ATTACK
1678,ATTACK
1679,ATTACK
1680,ATTACK
1681,ATTACK
1682,ATTACK
1683,ATTACK
1684,ATTACK
1685,ATTACK
1686,ATTACK
1687,ATTACK
1688,ATTACK
1689,ATTACK
1690,ATTACK
1691,ATTACK
1692,ATTACK
1693,ATTACK
1694,ATTACK
1695,ATTACK
1696,ATTACK
1697,ATTACK
1698,ATTACK
1699,ATTACK
1700,ATTACK
1701,ATTACK
1702,ATTACK
1703,ATTACK
1704,ATTACK
1705,ATTACK
1706,ATTACK
1707,ATTACK
1708,ATTACK
1709,ATTACK
1710,ATTACK
1711,ATTACK
1712,ATTACK
1713,ATTACK
1714,ATTACK
1715,ATTACK
1716,ATTACK
1717,ATTACK
1718,ATTACK
1719,ATTACK
1720,ATTACK
1721,ATTACK
1722,ATTACK
1723,ATTACK
1724,ATTACK
1725,ATTACK
1726,ATTACK
1727,ATTACK
1728,ATTACK
1729,ATTACK
1730,ATTACK
1731,ATTACK
1732,ATTACK
1733,ATTACK
1734,ATTACK
1735,ATTACK
1736,ATTACK
1737,ATTACK
1738,ATTACK
1739,ATTACK
1740,ATTACK
1741,ATTACK
1742,ATTACK
1743,ATTACK
1744,ATTACK
1745,ATTACK
1746,ATTACK
1747,ATTACK
1748,ATTACK
1749,ATTACK
1750,ATTACK
1751,ATTACK
1752,ATTACK
1753,ATTACK
1754,ATTACK
1755,ATTACK
1756,ATTACK
1757,ATTACK
1758,ATTACK
1759,ATTACK
1760,ATTACK
1761,ATTACK
1762,ATTACK
1763,ATTACK
1764,ATTACK
1765,ATTACK
1766,ATTACK
1767,ATTACK
1768,ATTACK
1769,ATTACK
1770,ATTACK
1771,ATTACK
1772,ATTACK
1773,ATTACK
1774,ATTACK
1775,ATTACK
1776,ATTACK
1777,ATTACK
1778,ATTACK
1779,ATTACK
1780,ATTACK
1781,ATTACK
1782,ATTACK
1783,ATTACK
1784,ATTACK
1785,ATTACK
1786,ATTACK
1787,ATTACK
1788,ATTACK
1789,ATTACK
1790,ATTACK
1791,ATTACK
1792,ATTACK
1793,ATTACK
1794,ATTACK
1795,ATTACK
1796,ATTACK
1797,ATTACK
1798,ATTACK
1799,ATTACK
1800,ATTACK
1801,ATTACK
1802,ATTACK
1803,ATTACK
1804,ATTACK
1805,ATTACK
1806,ATTACK
1807,ATTACK
1808,ATTACK
1809,ATTACK
1810,ATTACK
1811,ATTACK
1812,ATTACK
1813,ATTACK
1814,ATTACK
1815,ATTACK
1816,ATTACK
1817,ATTACK
1818,ATTACK
1819,ATTACK
1820,ATTACK
1821,ATTACK
1822,ATTACK
1823,ATTACK
1824,ATTACK
1825,ATTACK
1826,ATTACK
1827,ATTACK
1828,ATTACK
1829,ATTACK
1830,ATTACK
1831,ATTACK
1832,ATTACK
1833,ATTACK
1834,ATTACK
1835,ATTACK
1836,ATTACK
1837,ATTACK
1838,ATTACK
1839,ATTACK
1840,ATTACK
1841,ATTACK
1842,ATTACK
1843,ATTACK
1844,ATTACK
1845,ATTACK
1846,ATTACK
1847,ATTACK
1848,ATTACK
1849,ATTACK
1850,ATTACK
1851,ATTACK
1852,ATTACK
1853,ATTACK
1854,ATTACK
1855,ATTACK
1856,ATTACK
1857,ATTACK
1858,ATTACK
1859,ATTACK
1860,ATTACK
1861,ATTACK
1862,ATTACK
1863,ATTACK
1864,ATTACK
1865,ATTACK
1866,ATTACK
1867,ATTACK
1868,ATTACK
1869,ATTACK
1870,ATTACK
1871,ATTACK
1872,ATTACK
1873,ATTACK
1874,ATTACK
